"Step","gpt2_last_char_to_char1729642919.4054031 - train/loss","gpt2_last_char_to_char1729642919.4054031 - train/loss__MIN","gpt2_last_char_to_char1729642919.4054031 - train/loss__MAX","gpt2_augmented_char_to_token1729630560.5729918 - train/loss","gpt2_augmented_char_to_token1729630560.5729918 - train/loss__MIN","gpt2_augmented_char_to_token1729630560.5729918 - train/loss__MAX","gpt2_last_char_token_to_char1729587337.8266432 - train/loss","gpt2_last_char_token_to_char1729587337.8266432 - train/loss__MIN","gpt2_last_char_token_to_char1729587337.8266432 - train/loss__MAX","gpt2_char_to_token1729578574.2848036 - train/loss","gpt2_char_to_token1729578574.2848036 - train/loss__MIN","gpt2_char_to_token1729578574.2848036 - train/loss__MAX","gpt2_char_to_token1729534595.422701 - train/loss","gpt2_char_to_token1729534595.422701 - train/loss__MIN","gpt2_char_to_token1729534595.422701 - train/loss__MAX","gpt2 - train/loss","gpt2 - train/loss__MIN","gpt2 - train/loss__MAX","gpt2_last_char_token_to_token1729493675.529459 - train/loss","gpt2_last_char_token_to_token1729493675.529459 - train/loss__MIN","gpt2_last_char_token_to_token1729493675.529459 - train/loss__MAX","gpt2_char_to_token1729491541.2756786 - train/loss","gpt2_char_to_token1729491541.2756786 - train/loss__MIN","gpt2_char_to_token1729491541.2756786 - train/loss__MAX"
"0","25.48284149169922","25.48284149169922","25.48284149169922","10.986520767211914","10.986520767211914","10.986520767211914","24.70099639892578","24.70099639892578","24.70099639892578","10.944732666015625","10.944732666015625","10.944732666015625","10.993303298950195","10.993303298950195","10.993303298950195","10.95404052734375","10.95404052734375","10.95404052734375","10.9784517288208","10.9784517288208","10.9784517288208","10.945090293884277","10.945090293884277","10.945090293884277"
"1","11.286399841308594","11.286399841308594","11.286399841308594","6.677523612976074","6.677523612976074","6.677523612976074","11.947710037231445","11.947710037231445","11.947710037231445","7.028736591339111","7.028736591339111","7.028736591339111","7.020743370056152","7.020743370056152","7.020743370056152","6.684843063354492","6.684843063354492","6.684843063354492","6.777776718139648","6.777776718139648","6.777776718139648","7.024113655090332","7.024113655090332","7.024113655090332"
"2","10.310510635375977","10.310510635375977","10.310510635375977","6.136286735534668","6.136286735534668","6.136286735534668","11.089208602905273","11.089208602905273","11.089208602905273","6.424201488494873","6.424201488494873","6.424201488494873","6.402392387390137","6.402392387390137","6.402392387390137","5.882663726806641","5.882663726806641","5.882663726806641","6.013458251953125","6.013458251953125","6.013458251953125","6.403542518615723","6.403542518615723","6.403542518615723"
"3","8.010860443115234","8.010860443115234","8.010860443115234","5.641941070556641","5.641941070556641","5.641941070556641","10.622908592224121","10.622908592224121","10.622908592224121","5.934786796569824","5.934786796569824","5.934786796569824","5.949332237243652","5.949332237243652","5.949332237243652","5.3974809646606445","5.3974809646606445","5.3974809646606445","5.528635025024414","5.528635025024414","5.528635025024414","5.91502571105957","5.91502571105957","5.91502571105957"
"4","6.6271209716796875","6.6271209716796875","6.6271209716796875","5.269412040710449","5.269412040710449","5.269412040710449","10.336950302124023","10.336950302124023","10.336950302124023","5.56162166595459","5.56162166595459","5.56162166595459","5.572105884552002","5.572105884552002","5.572105884552002","5.0728759765625","5.0728759765625","5.0728759765625","5.165073871612549","5.165073871612549","5.165073871612549","5.549674034118652","5.549674034118652","5.549674034118652"
"5","5.712735176086426","5.712735176086426","5.712735176086426","4.996810436248779","4.996810436248779","4.996810436248779","10.073386192321777","10.073386192321777","10.073386192321777","5.294548511505127","5.294548511505127","5.294548511505127","5.282080173492432","5.282080173492432","5.282080173492432","4.75210428237915","4.75210428237915","4.75210428237915","4.890717029571533","4.890717029571533","4.890717029571533","5.276972770690918","5.276972770690918","5.276972770690918"
"6","5.284903526306152","5.284903526306152","5.284903526306152","4.766328811645508","4.766328811645508","4.766328811645508","9.942292213439941","9.942292213439941","9.942292213439941","5.026154041290283","5.026154041290283","5.026154041290283","5.034831523895264","5.034831523895264","5.034831523895264","4.552126884460449","4.552126884460449","4.552126884460449","4.650810718536377","4.650810718536377","4.650810718536377","5.022640228271484","5.022640228271484","5.022640228271484"
"7","5.074585437774658","5.074585437774658","5.074585437774658","4.5407304763793945","4.5407304763793945","4.5407304763793945","9.7258882522583","9.7258882522583","9.7258882522583","4.811340808868408","4.811340808868408","4.811340808868408","4.825332164764404","4.825332164764404","4.825332164764404","4.372483730316162","4.372483730316162","4.372483730316162","4.477280139923096","4.477280139923096","4.477280139923096","4.810427188873291","4.810427188873291","4.810427188873291"
"8","4.888429164886475","4.888429164886475","4.888429164886475","4.379735469818115","4.379735469818115","4.379735469818115","9.606690406799316","9.606690406799316","9.606690406799316","4.66299295425415","4.66299295425415","4.66299295425415","4.688910961151123","4.688910961151123","4.688910961151123","4.255111217498779","4.255111217498779","4.255111217498779","4.3254075050354","4.3254075050354","4.3254075050354","4.6537370681762695","4.6537370681762695","4.6537370681762695"
"9","4.761978626251221","4.761978626251221","4.761978626251221","4.2496657371521","4.2496657371521","4.2496657371521","9.552133560180664","9.552133560180664","9.552133560180664","4.498409271240234","4.498409271240234","4.498409271240234","4.5284342765808105","4.5284342765808105","4.5284342765808105","4.187161445617676","4.187161445617676","4.187161445617676","4.227181911468506","4.227181911468506","4.227181911468506","4.493574142456055","4.493574142456055","4.493574142456055"
"10","4.637820243835449","4.637820243835449","4.637820243835449","4.136541366577148","4.136541366577148","4.136541366577148","9.240191459655762","9.240191459655762","9.240191459655762","4.390120029449463","4.390120029449463","4.390120029449463","4.405571937561035","4.405571937561035","4.405571937561035","4.11182975769043","4.11182975769043","4.11182975769043","4.154343605041504","4.154343605041504","4.154343605041504","4.387704849243164","4.387704849243164","4.387704849243164"
"11","4.547557830810547","4.547557830810547","4.547557830810547","4.057648181915283","4.057648181915283","4.057648181915283","9.151811599731445","9.151811599731445","9.151811599731445","4.2928266525268555","4.2928266525268555","4.2928266525268555","4.322005748748779","4.322005748748779","4.322005748748779","4.0619587898254395","4.0619587898254395","4.0619587898254395","4.076992034912109","4.076992034912109","4.076992034912109","4.284523010253906","4.284523010253906","4.284523010253906"
"12","4.464921951293945","4.464921951293945","4.464921951293945","3.9641785621643066","3.9641785621643066","3.9641785621643066","9.079305648803711","9.079305648803711","9.079305648803711","4.231565952301025","4.231565952301025","4.231565952301025","4.2244553565979","4.2244553565979","4.2244553565979","4.008419036865234","4.008419036865234","4.008419036865234","3.9908337593078613","3.9908337593078613","3.9908337593078613","4.223346710205078","4.223346710205078","4.223346710205078"
"13","4.429336071014404","4.429336071014404","4.429336071014404","3.8900563716888428","3.8900563716888428","3.8900563716888428","8.956896781921387","8.956896781921387","8.956896781921387","4.1782732009887695","4.1782732009887695","4.1782732009887695","4.178267002105713","4.178267002105713","4.178267002105713","3.935166597366333","3.935166597366333","3.935166597366333","3.955009698867798","3.955009698867798","3.955009698867798","4.171914100646973","4.171914100646973","4.171914100646973"
"14","4.333436489105225","4.333436489105225","4.333436489105225","3.8419840335845947","3.8419840335845947","3.8419840335845947","8.8532075881958","8.8532075881958","8.8532075881958","4.096717357635498","4.096717357635498","4.096717357635498","4.11078405380249","4.11078405380249","4.11078405380249","3.8907434940338135","3.8907434940338135","3.8907434940338135","3.916907548904419","3.916907548904419","3.916907548904419","4.098638534545898","4.098638534545898","4.098638534545898"
"15","4.277894973754883","4.277894973754883","4.277894973754883","3.8193206787109375","3.8193206787109375","3.8193206787109375","8.810571670532227","8.810571670532227","8.810571670532227","4.0630292892456055","4.0630292892456055","4.0630292892456055","4.054988861083984","4.054988861083984","4.054988861083984","3.8514490127563477","3.8514490127563477","3.8514490127563477","3.887674331665039","3.887674331665039","3.887674331665039","4.066740989685059","4.066740989685059","4.066740989685059"
"16","4.234072208404541","4.234072208404541","4.234072208404541","3.765254497528076","3.765254497528076","3.765254497528076","8.759592056274414","8.759592056274414","8.759592056274414","4.0180983543396","4.0180983543396","4.0180983543396","4.0180344581604","4.0180344581604","4.0180344581604","3.830899953842163","3.830899953842163","3.830899953842163","3.8488986492156982","3.8488986492156982","3.8488986492156982","4.015700340270996","4.015700340270996","4.015700340270996"
"17","4.199862480163574","4.199862480163574","4.199862480163574","3.749293804168701","3.749293804168701","3.749293804168701","8.65873908996582","8.65873908996582","8.65873908996582","3.9759740829467773","3.9759740829467773","3.9759740829467773","3.994213819503784","3.994213819503784","3.994213819503784","3.802064895629883","3.802064895629883","3.802064895629883","3.8090462684631348","3.8090462684631348","3.8090462684631348","3.9760940074920654","3.9760940074920654","3.9760940074920654"
"18","4.161999225616455","4.161999225616455","4.161999225616455","3.7115907669067383","3.7115907669067383","3.7115907669067383","8.609723091125488","8.609723091125488","8.609723091125488","3.935366153717041","3.935366153717041","3.935366153717041","3.9630703926086426","3.9630703926086426","3.9630703926086426","3.7735090255737305","3.7735090255737305","3.7735090255737305","3.8027758598327637","3.8027758598327637","3.8027758598327637","3.934033155441284","3.934033155441284","3.934033155441284"
"19","4.135375022888184","4.135375022888184","4.135375022888184","3.666450262069702","3.666450262069702","3.666450262069702","8.605993270874023","8.605993270874023","8.605993270874023","3.9248883724212646","3.9248883724212646","3.9248883724212646","3.9379563331604004","3.9379563331604004","3.9379563331604004","3.7586448192596436","3.7586448192596436","3.7586448192596436","3.7547812461853027","3.7547812461853027","3.7547812461853027","3.9215238094329834","3.9215238094329834","3.9215238094329834"
"20","4.102057456970215","4.102057456970215","4.102057456970215","3.6422605514526367","3.6422605514526367","3.6422605514526367","8.585224151611328","8.585224151611328","8.585224151611328","3.892078161239624","3.892078161239624","3.892078161239624","3.8942067623138428","3.8942067623138428","3.8942067623138428","3.754633903503418","3.754633903503418","3.754633903503418","3.739248275756836","3.739248275756836","3.739248275756836","3.887141466140747","3.887141466140747","3.887141466140747"
"21","4.082196235656738","4.082196235656738","4.082196235656738","3.6427721977233887","3.6427721977233887","3.6427721977233887","8.542405128479004","8.542405128479004","8.542405128479004","3.8763463497161865","3.8763463497161865","3.8763463497161865","3.889446496963501","3.889446496963501","3.889446496963501","3.7032721042633057","3.7032721042633057","3.7032721042633057","3.710670232772827","3.710670232772827","3.710670232772827","3.875109910964966","3.875109910964966","3.875109910964966"
"22","4.064548969268799","4.064548969268799","4.064548969268799","3.6105408668518066","3.6105408668518066","3.6105408668518066","8.489045143127441","8.489045143127441","8.489045143127441","3.8699092864990234","3.8699092864990234","3.8699092864990234","3.890885353088379","3.890885353088379","3.890885353088379","3.683764934539795","3.683764934539795","3.683764934539795","3.7012078762054443","3.7012078762054443","3.7012078762054443","3.8694303035736084","3.8694303035736084","3.8694303035736084"
"23","4.038751125335693","4.038751125335693","4.038751125335693","3.617297887802124","3.617297887802124","3.617297887802124","8.493075370788574","8.493075370788574","8.493075370788574","3.8506882190704346","3.8506882190704346","3.8506882190704346","3.8415603637695312","3.8415603637695312","3.8415603637695312","3.6921114921569824","3.6921114921569824","3.6921114921569824","3.6873226165771484","3.6873226165771484","3.6873226165771484","3.8528833389282227","3.8528833389282227","3.8528833389282227"
"24","4.0130934715271","4.0130934715271","4.0130934715271","3.6116604804992676","3.6116604804992676","3.6116604804992676","8.476054191589355","8.476054191589355","8.476054191589355","3.829288959503174","3.829288959503174","3.829288959503174","3.8335044384002686","3.8335044384002686","3.8335044384002686","3.677861213684082","3.677861213684082","3.677861213684082","3.6791250705718994","3.6791250705718994","3.6791250705718994","3.828939199447632","3.828939199447632","3.828939199447632"
"25","3.998175621032715","3.998175621032715","3.998175621032715","3.5767624378204346","3.5767624378204346","3.5767624378204346","9.054035186767578","9.054035186767578","9.054035186767578","3.8028404712677","3.8028404712677","3.8028404712677","3.8187241554260254","3.8187241554260254","3.8187241554260254","3.683568000793457","3.683568000793457","3.683568000793457","3.6460940837860107","3.6460940837860107","3.6460940837860107","3.8009045124053955","3.8009045124053955","3.8009045124053955"
"26","3.9889914989471436","3.9889914989471436","3.9889914989471436","3.5588181018829346","3.5588181018829346","3.5588181018829346","9.061992645263672","9.061992645263672","9.061992645263672","3.8039565086364746","3.8039565086364746","3.8039565086364746","3.8207879066467285","3.8207879066467285","3.8207879066467285","3.647969961166382","3.647969961166382","3.647969961166382","3.6430253982543945","3.6430253982543945","3.6430253982543945","3.8041348457336426","3.8041348457336426","3.8041348457336426"
"27","3.9842634201049805","3.9842634201049805","3.9842634201049805","3.5489797592163086","3.5489797592163086","3.5489797592163086","8.428756713867188","8.428756713867188","8.428756713867188","3.789951801300049","3.789951801300049","3.789951801300049","3.7998316287994385","3.7998316287994385","3.7998316287994385","3.643988847732544","3.643988847732544","3.643988847732544","3.66217041015625","3.66217041015625","3.66217041015625","3.790754795074463","3.790754795074463","3.790754795074463"
"28","3.9678924083709717","3.9678924083709717","3.9678924083709717","3.546323299407959","3.546323299407959","3.546323299407959","9.834397315979004","9.834397315979004","9.834397315979004","3.765429973602295","3.765429973602295","3.765429973602295","3.8018016815185547","3.8018016815185547","3.8018016815185547","3.617194890975952","3.617194890975952","3.617194890975952","3.648026704788208","3.648026704788208","3.648026704788208","3.765843152999878","3.765843152999878","3.765843152999878"
"29","3.9255566596984863","3.9255566596984863","3.9255566596984863","3.536078453063965","3.536078453063965","3.536078453063965","8.45620346069336","8.45620346069336","8.45620346069336","3.7689239978790283","3.7689239978790283","3.7689239978790283","3.771718740463257","3.771718740463257","3.771718740463257","3.6197946071624756","3.6197946071624756","3.6197946071624756","3.6007378101348877","3.6007378101348877","3.6007378101348877","4.229610443115234","4.229610443115234","4.229610443115234"
"30","3.928631544113159","3.928631544113159","3.928631544113159","3.5169262886047363","3.5169262886047363","3.5169262886047363","8.412117004394531","8.412117004394531","8.412117004394531","3.863020658493042","3.863020658493042","3.863020658493042","3.7779693603515625","3.7779693603515625","3.7779693603515625","3.6152026653289795","3.6152026653289795","3.6152026653289795","3.6027963161468506","3.6027963161468506","3.6027963161468506","3.789114475250244","3.789114475250244","3.789114475250244"
"31","3.9204230308532715","3.9204230308532715","3.9204230308532715","3.5058655738830566","3.5058655738830566","3.5058655738830566","8.54883098602295","8.54883098602295","8.54883098602295","3.7768852710723877","3.7768852710723877","3.7768852710723877","3.7322630882263184","3.7322630882263184","3.7322630882263184","3.5928914546966553","3.5928914546966553","3.5928914546966553","3.5971975326538086","3.5971975326538086","3.5971975326538086","3.778444290161133","3.778444290161133","3.778444290161133"
"32","3.9028444290161133","3.9028444290161133","3.9028444290161133","3.492006301879883","3.492006301879883","3.492006301879883","8.410493850708008","8.410493850708008","8.410493850708008","3.7722079753875732","3.7722079753875732","3.7722079753875732","3.7389490604400635","3.7389490604400635","3.7389490604400635","3.6001787185668945","3.6001787185668945","3.6001787185668945","3.5943644046783447","3.5943644046783447","3.5943644046783447","3.7602694034576416","3.7602694034576416","3.7602694034576416"
"33","3.8987534046173096","3.8987534046173096","3.8987534046173096","3.543518304824829","3.543518304824829","3.543518304824829","8.524713516235352","8.524713516235352","8.524713516235352","4.46848201751709","4.46848201751709","4.46848201751709","3.7260589599609375","3.7260589599609375","3.7260589599609375","3.5761337280273438","3.5761337280273438","3.5761337280273438","3.5660531520843506","3.5660531520843506","3.5660531520843506","3.765620231628418","3.765620231628418","3.765620231628418"
"34","3.875894069671631","3.875894069671631","3.875894069671631","3.5178937911987305","3.5178937911987305","3.5178937911987305","8.652928352355957","8.652928352355957","8.652928352355957","3.821838140487671","3.821838140487671","3.821838140487671","3.707987070083618","3.707987070083618","3.707987070083618","3.5903234481811523","3.5903234481811523","3.5903234481811523","3.5790176391601562","3.5790176391601562","3.5790176391601562","3.8586080074310303","3.8586080074310303","3.8586080074310303"
"35","3.8819165229797363","3.8819165229797363","3.8819165229797363","3.5106067657470703","3.5106067657470703","3.5106067657470703","8.40114688873291","8.40114688873291","8.40114688873291","7.349227428436279","7.349227428436279","7.349227428436279","3.7113289833068848","3.7113289833068848","3.7113289833068848","3.5706427097320557","3.5706427097320557","3.5706427097320557","3.570882797241211","3.570882797241211","3.570882797241211","4.099125385284424","4.099125385284424","4.099125385284424"
"36","3.872112989425659","3.872112989425659","3.872112989425659","3.498730182647705","3.498730182647705","3.498730182647705","8.399499893188477","8.399499893188477","8.399499893188477","5.522637367248535","5.522637367248535","5.522637367248535","3.696251153945923","3.696251153945923","3.696251153945923","3.5640294551849365","3.5640294551849365","3.5640294551849365","3.558314323425293","3.558314323425293","3.558314323425293","4.021950721740723","4.021950721740723","4.021950721740723"
"37","3.8725171089172363","3.8725171089172363","3.8725171089172363","3.4948339462280273","3.4948339462280273","3.4948339462280273","8.396197319030762","8.396197319030762","8.396197319030762","4.069925785064697","4.069925785064697","4.069925785064697","3.7111852169036865","3.7111852169036865","3.7111852169036865","3.567220687866211","3.567220687866211","3.567220687866211","3.56687593460083","3.56687593460083","3.56687593460083","7.381138801574707","7.381138801574707","7.381138801574707"
"38","3.8461573123931885","3.8461573123931885","3.8461573123931885","3.473065137863159","3.473065137863159","3.473065137863159","8.362521171569824","8.362521171569824","8.362521171569824","3.822376012802124","3.822376012802124","3.822376012802124","3.679569721221924","3.679569721221924","3.679569721221924","3.5440778732299805","3.5440778732299805","3.5440778732299805","3.5452630519866943","3.5452630519866943","3.5452630519866943","7.333563804626465","7.333563804626465","7.333563804626465"
"39","3.8439886569976807","3.8439886569976807","3.8439886569976807","3.464986562728882","3.464986562728882","3.464986562728882","8.837566375732422","8.837566375732422","8.837566375732422","3.889986038208008","3.889986038208008","3.889986038208008","3.6903235912323","3.6903235912323","3.6903235912323","3.5462646484375","3.5462646484375","3.5462646484375","3.5448997020721436","3.5448997020721436","3.5448997020721436","7.035470962524414","7.035470962524414","7.035470962524414"
"40","3.828887701034546","3.828887701034546","3.828887701034546","3.4952166080474854","3.4952166080474854","3.4952166080474854","8.324166297912598","8.324166297912598","8.324166297912598","4.259330749511719","4.259330749511719","4.259330749511719","3.6732587814331055","3.6732587814331055","3.6732587814331055","3.552706718444824","3.552706718444824","3.552706718444824","3.539968490600586","3.539968490600586","3.539968490600586","6.778937816619873","6.778937816619873","6.778937816619873"
"41","3.8493423461914062","3.8493423461914062","3.8493423461914062","7.621706962585449","7.621706962585449","7.621706962585449","8.335358619689941","8.335358619689941","8.335358619689941","4.0876946449279785","4.0876946449279785","4.0876946449279785","3.677152633666992","3.677152633666992","3.677152633666992","3.5258185863494873","3.5258185863494873","3.5258185863494873","3.5197997093200684","3.5197997093200684","3.5197997093200684","6.630527973175049","6.630527973175049","6.630527973175049"
"42","3.8282861709594727","3.8282861709594727","3.8282861709594727","6.447141647338867","6.447141647338867","6.447141647338867","8.264727592468262","8.264727592468262","8.264727592468262","4.050729274749756","4.050729274749756","4.050729274749756","3.671393394470215","3.671393394470215","3.671393394470215","3.534543037414551","3.534543037414551","3.534543037414551","3.5163986682891846","3.5163986682891846","3.5163986682891846","6.206003189086914","6.206003189086914","6.206003189086914"
"43","3.812608003616333","3.812608003616333","3.812608003616333","6.004955291748047","6.004955291748047","6.004955291748047","8.244817733764648","8.244817733764648","8.244817733764648","4.194572925567627","4.194572925567627","4.194572925567627","3.6656973361968994","3.6656973361968994","3.6656973361968994","3.5340535640716553","3.5340535640716553","3.5340535640716553","3.5097360610961914","3.5097360610961914","3.5097360610961914","5.957940578460693","5.957940578460693","5.957940578460693"
"44","3.8119375705718994","3.8119375705718994","3.8119375705718994","5.3001203536987305","5.3001203536987305","5.3001203536987305","8.215570449829102","8.215570449829102","8.215570449829102","5.2686448097229","5.2686448097229","5.2686448097229","3.6600430011749268","3.6600430011749268","3.6600430011749268","3.5322515964508057","3.5322515964508057","3.5322515964508057","3.519139289855957","3.519139289855957","3.519139289855957","5.671880722045898","5.671880722045898","5.671880722045898"
"45","3.798079252243042","3.798079252243042","3.798079252243042","4.365567207336426","4.365567207336426","4.365567207336426","8.224329948425293","8.224329948425293","8.224329948425293","5.406280040740967","5.406280040740967","5.406280040740967","3.696902275085449","3.696902275085449","3.696902275085449","3.5272960662841797","3.5272960662841797","3.5272960662841797","3.4940123558044434","3.4940123558044434","3.4940123558044434","5.459237098693848","5.459237098693848","5.459237098693848"
"46","3.8158514499664307","3.8158514499664307","3.8158514499664307","3.579522132873535","3.579522132873535","3.579522132873535","8.195279121398926","8.195279121398926","8.195279121398926","7.239985466003418","7.239985466003418","7.239985466003418","3.7028801441192627","3.7028801441192627","3.7028801441192627","3.5131542682647705","3.5131542682647705","3.5131542682647705","3.505833148956299","3.505833148956299","3.505833148956299","5.317272186279297","5.317272186279297","5.317272186279297"
"47","3.7642812728881836","3.7642812728881836","3.7642812728881836","3.562431573867798","3.562431573867798","3.562431573867798","8.20661449432373","8.20661449432373","8.20661449432373","5.306800365447998","5.306800365447998","5.306800365447998","3.7339696884155273","3.7339696884155273","3.7339696884155273","3.491290330886841","3.491290330886841","3.491290330886841","3.4988205432891846","3.4988205432891846","3.4988205432891846","5.117280006408691","5.117280006408691","5.117280006408691"
"48","3.784029483795166","3.784029483795166","3.784029483795166","5.641787052154541","5.641787052154541","5.641787052154541","8.168041229248047","8.168041229248047","8.168041229248047","5.120022773742676","5.120022773742676","5.120022773742676","3.689707040786743","3.689707040786743","3.689707040786743","3.5167436599731445","3.5167436599731445","3.5167436599731445","3.4766838550567627","3.4766838550567627","3.4766838550567627","4.906114101409912","4.906114101409912","4.906114101409912"
"49","3.7777528762817383","3.7777528762817383","3.7777528762817383","5.986608982086182","5.986608982086182","5.986608982086182","8.189613342285156","8.189613342285156","8.189613342285156","6.7688679695129395","6.7688679695129395","6.7688679695129395","3.6869897842407227","3.6869897842407227","3.6869897842407227","3.492184638977051","3.492184638977051","3.492184638977051","3.4961459636688232","3.4961459636688232","3.4961459636688232","4.772378921508789","4.772378921508789","4.772378921508789"
"50","3.7747888565063477","3.7747888565063477","3.7747888565063477","3.6608338356018066","3.6608338356018066","3.6608338356018066","8.172192573547363","8.172192573547363","8.172192573547363","6.767797470092773","6.767797470092773","6.767797470092773","3.7001793384552","3.7001793384552","3.7001793384552","3.5095958709716797","3.5095958709716797","3.5095958709716797","3.509819746017456","3.509819746017456","3.509819746017456","4.698106288909912","4.698106288909912","4.698106288909912"
"51","","","","3.6283011436462402","3.6283011436462402","3.6283011436462402","8.171048164367676","8.171048164367676","8.171048164367676","5.045675754547119","5.045675754547119","5.045675754547119","3.7038354873657227","3.7038354873657227","3.7038354873657227","3.4907066822052","3.4907066822052","3.4907066822052","3.478476047515869","3.478476047515869","3.478476047515869","4.750030994415283","4.750030994415283","4.750030994415283"
"52","","","","3.611729145050049","3.611729145050049","3.611729145050049","8.15495777130127","8.15495777130127","8.15495777130127","4.574767589569092","4.574767589569092","4.574767589569092","3.770007848739624","3.770007848739624","3.770007848739624","3.4725632667541504","3.4725632667541504","3.4725632667541504","3.4730634689331055","3.4730634689331055","3.4730634689331055","4.751049995422363","4.751049995422363","4.751049995422363"
"53","","","","3.7597720623016357","3.7597720623016357","3.7597720623016357","8.178288459777832","8.178288459777832","8.178288459777832","5.1148881912231445","5.1148881912231445","5.1148881912231445","3.7300636768341064","3.7300636768341064","3.7300636768341064","3.457606315612793","3.457606315612793","3.457606315612793","3.4645495414733887","3.4645495414733887","3.4645495414733887","4.669005870819092","4.669005870819092","4.669005870819092"
"54","","","","3.8748695850372314","3.8748695850372314","3.8748695850372314","8.155542373657227","8.155542373657227","8.155542373657227","4.347230434417725","4.347230434417725","4.347230434417725","3.710268497467041","3.710268497467041","3.710268497467041","3.4874908924102783","3.4874908924102783","3.4874908924102783","3.4819440841674805","3.4819440841674805","3.4819440841674805","4.712362766265869","4.712362766265869","4.712362766265869"
"55","","","","3.8987691402435303","3.8987691402435303","3.8987691402435303","8.126346588134766","8.126346588134766","8.126346588134766","5.410031795501709","5.410031795501709","5.410031795501709","3.736386775970459","3.736386775970459","3.736386775970459","3.4835879802703857","3.4835879802703857","3.4835879802703857","3.4690113067626953","3.4690113067626953","3.4690113067626953","4.729562282562256","4.729562282562256","4.729562282562256"
"56","","","","3.8689441680908203","3.8689441680908203","3.8689441680908203","8.150472640991211","8.150472640991211","8.150472640991211","5.400393009185791","5.400393009185791","5.400393009185791","3.8276607990264893","3.8276607990264893","3.8276607990264893","3.4770569801330566","3.4770569801330566","3.4770569801330566","3.4667038917541504","3.4667038917541504","3.4667038917541504","7.637287616729736","7.637287616729736","7.637287616729736"
"57","","","","","","","8.097090721130371","8.097090721130371","8.097090721130371","7.393436431884766","7.393436431884766","7.393436431884766","3.8351993560791016","3.8351993560791016","3.8351993560791016","3.4441590309143066","3.4441590309143066","3.4441590309143066","3.476471185684204","3.476471185684204","3.476471185684204","6.83746337890625","6.83746337890625","6.83746337890625"
"58","","","","","","","8.140999794006348","8.140999794006348","8.140999794006348","6.894166469573975","6.894166469573975","6.894166469573975","4.150524139404297","4.150524139404297","4.150524139404297","3.4668426513671875","3.4668426513671875","3.4668426513671875","3.4486021995544434","3.4486021995544434","3.4486021995544434","6.700252532958984","6.700252532958984","6.700252532958984"
"59","","","","","","","8.088403701782227","8.088403701782227","8.088403701782227","6.336944103240967","6.336944103240967","6.336944103240967","4.140932083129883","4.140932083129883","4.140932083129883","3.4548380374908447","3.4548380374908447","3.4548380374908447","3.4543707370758057","3.4543707370758057","3.4543707370758057","6.034308433532715","6.034308433532715","6.034308433532715"
"60","","","","","","","8.085289001464844","8.085289001464844","8.085289001464844","6.1807451248168945","6.1807451248168945","6.1807451248168945","4.787844657897949","4.787844657897949","4.787844657897949","3.4563205242156982","3.4563205242156982","3.4563205242156982","3.4422245025634766","3.4422245025634766","3.4422245025634766","4.802768230438232","4.802768230438232","4.802768230438232"
"61","","","","","","","8.044962882995605","8.044962882995605","8.044962882995605","6.056976318359375","6.056976318359375","6.056976318359375","8.524940490722656","8.524940490722656","8.524940490722656","3.4597296714782715","3.4597296714782715","3.4597296714782715","3.4343221187591553","3.4343221187591553","3.4343221187591553","4.91531229019165","4.91531229019165","4.91531229019165"
"62","","","","","","","8.0475492477417","8.0475492477417","8.0475492477417","5.8747758865356445","5.8747758865356445","5.8747758865356445","7.3257904052734375","7.3257904052734375","7.3257904052734375","3.455573797225952","3.455573797225952","3.455573797225952","3.4404406547546387","3.4404406547546387","3.4404406547546387","4.795597076416016","4.795597076416016","4.795597076416016"
"63","","","","","","","8.054374694824219","8.054374694824219","8.054374694824219","5.755837917327881","5.755837917327881","5.755837917327881","7.519507884979248","7.519507884979248","7.519507884979248","3.4589638710021973","3.4589638710021973","3.4589638710021973","3.4307186603546143","3.4307186603546143","3.4307186603546143","4.9187421798706055","4.9187421798706055","4.9187421798706055"
"64","","","","","","","8.053500175476074","8.053500175476074","8.053500175476074","5.606074810028076","5.606074810028076","5.606074810028076","7.525652885437012","7.525652885437012","7.525652885437012","3.4481027126312256","3.4481027126312256","3.4481027126312256","3.434319257736206","3.434319257736206","3.434319257736206","5.2371320724487305","5.2371320724487305","5.2371320724487305"
"65","","","","","","","8.03990364074707","8.03990364074707","8.03990364074707","5.1504597663879395","5.1504597663879395","5.1504597663879395","7.426811695098877","7.426811695098877","7.426811695098877","3.4686508178710938","3.4686508178710938","3.4686508178710938","3.4369192123413086","3.4369192123413086","3.4369192123413086","5.309900283813477","5.309900283813477","5.309900283813477"
"66","","","","","","","8.04345989227295","8.04345989227295","8.04345989227295","4.65920877456665","4.65920877456665","4.65920877456665","7.330646991729736","7.330646991729736","7.330646991729736","3.449129581451416","3.449129581451416","3.449129581451416","3.406682014465332","3.406682014465332","3.406682014465332","5.746911525726318","5.746911525726318","5.746911525726318"
"67","","","","","","","8.010801315307617","8.010801315307617","8.010801315307617","4.402565956115723","4.402565956115723","4.402565956115723","7.160271644592285","7.160271644592285","7.160271644592285","3.4534006118774414","3.4534006118774414","3.4534006118774414","3.4256720542907715","3.4256720542907715","3.4256720542907715","5.770634174346924","5.770634174346924","5.770634174346924"
"68","","","","","","","7.9871063232421875","7.9871063232421875","7.9871063232421875","4.2549262046813965","4.2549262046813965","4.2549262046813965","7.152338981628418","7.152338981628418","7.152338981628418","3.444700002670288","3.444700002670288","3.444700002670288","3.4363150596618652","3.4363150596618652","3.4363150596618652","6.663842678070068","6.663842678070068","6.663842678070068"
"69","","","","","","","8.01760482788086","8.01760482788086","8.01760482788086","4.157731533050537","4.157731533050537","4.157731533050537","7.22463321685791","7.22463321685791","7.22463321685791","3.436110734939575","3.436110734939575","3.436110734939575","3.4141857624053955","3.4141857624053955","3.4141857624053955","7.399557590484619","7.399557590484619","7.399557590484619"
"70","","","","","","","8.034476280212402","8.034476280212402","8.034476280212402","4.0566816329956055","4.0566816329956055","4.0566816329956055","7.252800464630127","7.252800464630127","7.252800464630127","3.456191062927246","3.456191062927246","3.456191062927246","3.415065050125122","3.415065050125122","3.415065050125122","7.1952972412109375","7.1952972412109375","7.1952972412109375"
"71","","","","","","","8.004389762878418","8.004389762878418","8.004389762878418","4.075537204742432","4.075537204742432","4.075537204742432","7.134880542755127","7.134880542755127","7.134880542755127","3.430215358734131","3.430215358734131","3.430215358734131","3.424623966217041","3.424623966217041","3.424623966217041","7.131770610809326","7.131770610809326","7.131770610809326"
"72","","","","","","","7.9701080322265625","7.9701080322265625","7.9701080322265625","4.013698577880859","4.013698577880859","4.013698577880859","7.082086086273193","7.082086086273193","7.082086086273193","3.4449100494384766","3.4449100494384766","3.4449100494384766","3.414187431335449","3.414187431335449","3.414187431335449","6.943082809448242","6.943082809448242","6.943082809448242"
"73","","","","","","","7.991644382476807","7.991644382476807","7.991644382476807","4.027139663696289","4.027139663696289","4.027139663696289","7.139880180358887","7.139880180358887","7.139880180358887","3.4172191619873047","3.4172191619873047","3.4172191619873047","3.4158360958099365","3.4158360958099365","3.4158360958099365","6.8535308837890625","6.8535308837890625","6.8535308837890625"
"74","","","","","","","8.023488998413086","8.023488998413086","8.023488998413086","3.9968371391296387","3.9968371391296387","3.9968371391296387","6.930712699890137","6.930712699890137","6.930712699890137","3.433518409729004","3.433518409729004","3.433518409729004","3.4208974838256836","3.4208974838256836","3.4208974838256836","6.811174392700195","6.811174392700195","6.811174392700195"
"75","","","","","","","7.9885478019714355","7.9885478019714355","7.9885478019714355","3.9327807426452637","3.9327807426452637","3.9327807426452637","6.882650852203369","6.882650852203369","6.882650852203369","3.4254021644592285","3.4254021644592285","3.4254021644592285","3.405238389968872","3.405238389968872","3.405238389968872","6.873195648193359","6.873195648193359","6.873195648193359"
"76","","","","","","","7.991011142730713","7.991011142730713","7.991011142730713","3.944885015487671","3.944885015487671","3.944885015487671","7.091726303100586","7.091726303100586","7.091726303100586","3.432893753051758","3.432893753051758","3.432893753051758","3.421661138534546","3.421661138534546","3.421661138534546","6.866819858551025","6.866819858551025","6.866819858551025"
"77","","","","","","","7.97994327545166","7.97994327545166","7.97994327545166","4.470784664154053","4.470784664154053","4.470784664154053","6.869509696960449","6.869509696960449","6.869509696960449","3.421511173248291","3.421511173248291","3.421511173248291","3.4284441471099854","3.4284441471099854","3.4284441471099854","7.331462383270264","7.331462383270264","7.331462383270264"
"78","","","","","","","7.992372512817383","7.992372512817383","7.992372512817383","3.952455759048462","3.952455759048462","3.952455759048462","6.766958713531494","6.766958713531494","6.766958713531494","3.4022858142852783","3.4022858142852783","3.4022858142852783","3.3962714672088623","3.3962714672088623","3.3962714672088623","6.7888078689575195","6.7888078689575195","6.7888078689575195"
"79","","","","","","","8.853228569030762","8.853228569030762","8.853228569030762","3.938913345336914","3.938913345336914","3.938913345336914","6.846909046173096","6.846909046173096","6.846909046173096","3.418182373046875","3.418182373046875","3.418182373046875","3.4029452800750732","3.4029452800750732","3.4029452800750732","6.746850967407227","6.746850967407227","6.746850967407227"
"80","","","","","","","8.091968536376953","8.091968536376953","8.091968536376953","3.930180311203003","3.930180311203003","3.930180311203003","6.788245677947998","6.788245677947998","6.788245677947998","3.4297244548797607","3.4297244548797607","3.4297244548797607","3.4073386192321777","3.4073386192321777","3.4073386192321777","6.640788555145264","6.640788555145264","6.640788555145264"
"81","","","","","","","8.077268600463867","8.077268600463867","8.077268600463867","3.9850473403930664","3.9850473403930664","3.9850473403930664","6.667425632476807","6.667425632476807","6.667425632476807","3.3999547958374023","3.3999547958374023","3.3999547958374023","3.396378993988037","3.396378993988037","3.396378993988037","6.4626312255859375","6.4626312255859375","6.4626312255859375"
"82","","","","","","","8.091426849365234","8.091426849365234","8.091426849365234","4.193467617034912","4.193467617034912","4.193467617034912","6.5871663093566895","6.5871663093566895","6.5871663093566895","3.4247512817382812","3.4247512817382812","3.4247512817382812","3.401662826538086","3.401662826538086","3.401662826538086","6.503971576690674","6.503971576690674","6.503971576690674"
"83","","","","","","","8.032105445861816","8.032105445861816","8.032105445861816","4.190280914306641","4.190280914306641","4.190280914306641","6.6203694343566895","6.6203694343566895","6.6203694343566895","3.4036664962768555","3.4036664962768555","3.4036664962768555","3.4103405475616455","3.4103405475616455","3.4103405475616455","6.402555465698242","6.402555465698242","6.402555465698242"
"84","","","","","","","14.292489051818848","14.292489051818848","14.292489051818848","4.761600971221924","4.761600971221924","4.761600971221924","6.693448543548584","6.693448543548584","6.693448543548584","3.4016661643981934","3.4016661643981934","3.4016661643981934","3.4028327465057373","3.4028327465057373","3.4028327465057373","6.665297985076904","6.665297985076904","6.665297985076904"
"85","","","","","","","8.520990371704102","8.520990371704102","8.520990371704102","5.378815174102783","5.378815174102783","5.378815174102783","6.8449320793151855","6.8449320793151855","6.8449320793151855","3.409846782684326","3.409846782684326","3.409846782684326","3.3857195377349854","3.3857195377349854","3.3857195377349854","6.423582077026367","6.423582077026367","6.423582077026367"
"86","","","","","","","8.256784439086914","8.256784439086914","8.256784439086914","5.884051322937012","5.884051322937012","5.884051322937012","6.7942609786987305","6.7942609786987305","6.7942609786987305","3.396005868911743","3.396005868911743","3.396005868911743","3.3867242336273193","3.3867242336273193","3.3867242336273193","7.167942523956299","7.167942523956299","7.167942523956299"
"87","","","","","","","8.340398788452148","8.340398788452148","8.340398788452148","5.889687538146973","5.889687538146973","5.889687538146973","6.7132887840271","6.7132887840271","6.7132887840271","3.413897752761841","3.413897752761841","3.413897752761841","3.4006285667419434","3.4006285667419434","3.4006285667419434","6.601100444793701","6.601100444793701","6.601100444793701"
"88","","","","","","","8.648918151855469","8.648918151855469","8.648918151855469","6.183948993682861","6.183948993682861","6.183948993682861","6.582430362701416","6.582430362701416","6.582430362701416","3.3965988159179688","3.3965988159179688","3.3965988159179688","3.3790600299835205","3.3790600299835205","3.3790600299835205","6.51656436920166","6.51656436920166","6.51656436920166"
"89","","","","","","","8.4574556350708","8.4574556350708","8.4574556350708","5.140892505645752","5.140892505645752","5.140892505645752","6.385029315948486","6.385029315948486","6.385029315948486","3.401650905609131","3.401650905609131","3.401650905609131","3.385770797729492","3.385770797729492","3.385770797729492","6.145954608917236","6.145954608917236","6.145954608917236"
"90","","","","","","","8.775403022766113","8.775403022766113","8.775403022766113","4.768157005310059","4.768157005310059","4.768157005310059","6.364838123321533","6.364838123321533","6.364838123321533","3.380194902420044","3.380194902420044","3.380194902420044","3.396895408630371","3.396895408630371","3.396895408630371","6.192624092102051","6.192624092102051","6.192624092102051"
"91","","","","","","","8.622286796569824","8.622286796569824","8.622286796569824","4.4324517250061035","4.4324517250061035","4.4324517250061035","6.456782817840576","6.456782817840576","6.456782817840576","3.3947272300720215","3.3947272300720215","3.3947272300720215","3.400933265686035","3.400933265686035","3.400933265686035","6.6349334716796875","6.6349334716796875","6.6349334716796875"
"92","","","","","","","12.742317199707031","12.742317199707031","12.742317199707031","4.6462907791137695","4.6462907791137695","4.6462907791137695","6.30830192565918","6.30830192565918","6.30830192565918","3.4034171104431152","3.4034171104431152","3.4034171104431152","3.381096124649048","3.381096124649048","3.381096124649048","6.589283466339111","6.589283466339111","6.589283466339111"
"93","","","","","","","8.928679466247559","8.928679466247559","8.928679466247559","5.115689754486084","5.115689754486084","5.115689754486084","6.294881820678711","6.294881820678711","6.294881820678711","3.4081075191497803","3.4081075191497803","3.4081075191497803","3.388979196548462","3.388979196548462","3.388979196548462","6.550816059112549","6.550816059112549","6.550816059112549"
"94","","","","","","","9.374202728271484","9.374202728271484","9.374202728271484","4.932761192321777","4.932761192321777","4.932761192321777","6.393387317657471","6.393387317657471","6.393387317657471","3.403740644454956","3.403740644454956","3.403740644454956","3.3608057498931885","3.3608057498931885","3.3608057498931885","6.504077911376953","6.504077911376953","6.504077911376953"
"95","","","","","","","11.872788429260254","11.872788429260254","11.872788429260254","6.720211029052734","6.720211029052734","6.720211029052734","6.334120273590088","6.334120273590088","6.334120273590088","3.378511667251587","3.378511667251587","3.378511667251587","3.369502305984497","3.369502305984497","3.369502305984497","6.4419732093811035","6.4419732093811035","6.4419732093811035"
"96","","","","","","","9.780141830444336","9.780141830444336","9.780141830444336","6.672706127166748","6.672706127166748","6.672706127166748","6.385415554046631","6.385415554046631","6.385415554046631","3.4068589210510254","3.4068589210510254","3.4068589210510254","3.3826704025268555","3.3826704025268555","3.3826704025268555","6.983323574066162","6.983323574066162","6.983323574066162"
"97","","","","","","","8.802434921264648","8.802434921264648","8.802434921264648","6.633241176605225","6.633241176605225","6.633241176605225","6.3546833992004395","6.3546833992004395","6.3546833992004395","3.3950672149658203","3.3950672149658203","3.3950672149658203","3.373255729675293","3.373255729675293","3.373255729675293","6.535202503204346","6.535202503204346","6.535202503204346"
"98","","","","","","","8.786578178405762","8.786578178405762","8.786578178405762","5.935269832611084","5.935269832611084","5.935269832611084","6.195041656494141","6.195041656494141","6.195041656494141","3.3967316150665283","3.3967316150665283","3.3967316150665283","3.3786871433258057","3.3786871433258057","3.3786871433258057","6.528899669647217","6.528899669647217","6.528899669647217"
"99","","","","","","","8.758508682250977","8.758508682250977","8.758508682250977","6.382646560668945","6.382646560668945","6.382646560668945","6.077362537384033","6.077362537384033","6.077362537384033","3.3986754417419434","3.3986754417419434","3.3986754417419434","3.3730111122131348","3.3730111122131348","3.3730111122131348","6.4508585929870605","6.4508585929870605","6.4508585929870605"
"100","","","","","","","8.730259895324707","8.730259895324707","8.730259895324707","5.508403301239014","5.508403301239014","5.508403301239014","5.843490123748779","5.843490123748779","5.843490123748779","3.4043779373168945","3.4043779373168945","3.4043779373168945","3.366236686706543","3.366236686706543","3.366236686706543","6.39975118637085","6.39975118637085","6.39975118637085"
"101","","","","","","","9.049932479858398","9.049932479858398","9.049932479858398","5.621804237365723","5.621804237365723","5.621804237365723","5.840909481048584","5.840909481048584","5.840909481048584","3.372638463973999","3.372638463973999","3.372638463973999","3.389474868774414","3.389474868774414","3.389474868774414","6.401544094085693","6.401544094085693","6.401544094085693"
"102","","","","","","","8.555624008178711","8.555624008178711","8.555624008178711","5.307071685791016","5.307071685791016","5.307071685791016","5.654961109161377","5.654961109161377","5.654961109161377","3.3773324489593506","3.3773324489593506","3.3773324489593506","3.3668079376220703","3.3668079376220703","3.3668079376220703","6.231698036193848","6.231698036193848","6.231698036193848"
"103","","","","","","","8.39773941040039","8.39773941040039","8.39773941040039","5.175037384033203","5.175037384033203","5.175037384033203","5.556066513061523","5.556066513061523","5.556066513061523","3.3844637870788574","3.3844637870788574","3.3844637870788574","3.3828513622283936","3.3828513622283936","3.3828513622283936","6.0813374519348145","6.0813374519348145","6.0813374519348145"
"104","","","","","","","9.101107597351074","9.101107597351074","9.101107597351074","5.165352821350098","5.165352821350098","5.165352821350098","5.469102382659912","5.469102382659912","5.469102382659912","3.3647050857543945","3.3647050857543945","3.3647050857543945","3.3797202110290527","3.3797202110290527","3.3797202110290527","6.1154632568359375","6.1154632568359375","6.1154632568359375"
"105","","","","","","","9.548680305480957","9.548680305480957","9.548680305480957","4.989738941192627","4.989738941192627","4.989738941192627","5.4422078132629395","5.4422078132629395","5.4422078132629395","3.3864803314208984","3.3864803314208984","3.3864803314208984","3.3713109493255615","3.3713109493255615","3.3713109493255615","6.013619899749756","6.013619899749756","6.013619899749756"
"106","","","","","","","8.996479034423828","8.996479034423828","8.996479034423828","5.02548885345459","5.02548885345459","5.02548885345459","5.576220512390137","5.576220512390137","5.576220512390137","3.389700412750244","3.389700412750244","3.389700412750244","3.3599326610565186","3.3599326610565186","3.3599326610565186","5.957843780517578","5.957843780517578","5.957843780517578"
"107","","","","","","","8.8013277053833","8.8013277053833","8.8013277053833","4.87319803237915","4.87319803237915","4.87319803237915","5.604963779449463","5.604963779449463","5.604963779449463","3.3783655166625977","3.3783655166625977","3.3783655166625977","3.3478307723999023","3.3478307723999023","3.3478307723999023","5.971939563751221","5.971939563751221","5.971939563751221"
"108","","","","","","","8.506660461425781","8.506660461425781","8.506660461425781","4.538315773010254","4.538315773010254","4.538315773010254","5.876798152923584","5.876798152923584","5.876798152923584","3.3825714588165283","3.3825714588165283","3.3825714588165283","3.3514926433563232","3.3514926433563232","3.3514926433563232","5.870114803314209","5.870114803314209","5.870114803314209"
"109","","","","","","","8.837983131408691","8.837983131408691","8.837983131408691","4.564813613891602","4.564813613891602","4.564813613891602","5.9877214431762695","5.9877214431762695","5.9877214431762695","3.377687931060791","3.377687931060791","3.377687931060791","3.3761913776397705","3.3761913776397705","3.3761913776397705","5.9081878662109375","5.9081878662109375","5.9081878662109375"
"110","","","","","","","8.50143814086914","8.50143814086914","8.50143814086914","4.811800956726074","4.811800956726074","4.811800956726074","5.891225814819336","5.891225814819336","5.891225814819336","3.3616325855255127","3.3616325855255127","3.3616325855255127","3.366020441055298","3.366020441055298","3.366020441055298","6.279713153839111","6.279713153839111","6.279713153839111"
"111","","","","","","","8.544276237487793","8.544276237487793","8.544276237487793","4.418607711791992","4.418607711791992","4.418607711791992","7.099970817565918","7.099970817565918","7.099970817565918","3.3619730472564697","3.3619730472564697","3.3619730472564697","3.3586480617523193","3.3586480617523193","3.3586480617523193","6.064285755157471","6.064285755157471","6.064285755157471"
"112","","","","","","","8.444707870483398","8.444707870483398","8.444707870483398","4.647496223449707","4.647496223449707","4.647496223449707","6.789351940155029","6.789351940155029","6.789351940155029","3.3694849014282227","3.3694849014282227","3.3694849014282227","3.3710901737213135","3.3710901737213135","3.3710901737213135","6.046294689178467","6.046294689178467","6.046294689178467"
"113","","","","","","","8.387738227844238","8.387738227844238","8.387738227844238","4.455048561096191","4.455048561096191","4.455048561096191","6.20438289642334","6.20438289642334","6.20438289642334","3.374743700027466","3.374743700027466","3.374743700027466","3.3575844764709473","3.3575844764709473","3.3575844764709473","6.212081432342529","6.212081432342529","6.212081432342529"
"114","","","","","","","11.82887077331543","11.82887077331543","11.82887077331543","4.536821365356445","4.536821365356445","4.536821365356445","6.309393405914307","6.309393405914307","6.309393405914307","3.368925094604492","3.368925094604492","3.368925094604492","3.360697031021118","3.360697031021118","3.360697031021118","6.373791694641113","6.373791694641113","6.373791694641113"
"115","","","","","","","8.827718734741211","8.827718734741211","8.827718734741211","4.499053478240967","4.499053478240967","4.499053478240967","6.09783935546875","6.09783935546875","6.09783935546875","3.3745501041412354","3.3745501041412354","3.3745501041412354","3.3626160621643066","3.3626160621643066","3.3626160621643066","6.63260555267334","6.63260555267334","6.63260555267334"
"116","","","","","","","9.144221305847168","9.144221305847168","9.144221305847168","4.314046859741211","4.314046859741211","4.314046859741211","5.8982977867126465","5.8982977867126465","5.8982977867126465","3.385213851928711","3.385213851928711","3.385213851928711","3.3451833724975586","3.3451833724975586","3.3451833724975586","6.672746658325195","6.672746658325195","6.672746658325195"
"117","","","","","","","11.626601219177246","11.626601219177246","11.626601219177246","4.274714469909668","4.274714469909668","4.274714469909668","6.145693302154541","6.145693302154541","6.145693302154541","3.3650500774383545","3.3650500774383545","3.3650500774383545","3.365077495574951","3.365077495574951","3.365077495574951","6.531833648681641","6.531833648681641","6.531833648681641"
"118","","","","","","","10.009214401245117","10.009214401245117","10.009214401245117","4.298783779144287","4.298783779144287","4.298783779144287","5.859989166259766","5.859989166259766","5.859989166259766","3.3648016452789307","3.3648016452789307","3.3648016452789307","","","","6.802305698394775","6.802305698394775","6.802305698394775"
"119","","","","","","","13.314916610717773","13.314916610717773","13.314916610717773","4.556090831756592","4.556090831756592","4.556090831756592","5.827290058135986","5.827290058135986","5.827290058135986","3.3681588172912598","3.3681588172912598","3.3681588172912598","","","","6.786701679229736","6.786701679229736","6.786701679229736"
"120","","","","","","","10.416093826293945","10.416093826293945","10.416093826293945","4.36377477645874","4.36377477645874","4.36377477645874","5.925937652587891","5.925937652587891","5.925937652587891","3.3604137897491455","3.3604137897491455","3.3604137897491455","","","","6.869157791137695","6.869157791137695","6.869157791137695"
"121","","","","","","","10.783590316772461","10.783590316772461","10.783590316772461","4.314871311187744","4.314871311187744","4.314871311187744","5.854361057281494","5.854361057281494","5.854361057281494","3.370187282562256","3.370187282562256","3.370187282562256","","","","6.931788921356201","6.931788921356201","6.931788921356201"
"122","","","","","","","9.894489288330078","9.894489288330078","9.894489288330078","4.269268989562988","4.269268989562988","4.269268989562988","5.887679576873779","5.887679576873779","5.887679576873779","3.3759870529174805","3.3759870529174805","3.3759870529174805","","","","6.827796459197998","6.827796459197998","6.827796459197998"
"123","","","","","","","9.696224212646484","9.696224212646484","9.696224212646484","4.281036853790283","4.281036853790283","4.281036853790283","6.02595329284668","6.02595329284668","6.02595329284668","3.37199068069458","3.37199068069458","3.37199068069458","","","","6.862736225128174","6.862736225128174","6.862736225128174"
"124","","","","","","","9.530835151672363","9.530835151672363","9.530835151672363","4.2721266746521","4.2721266746521","4.2721266746521","5.819848537445068","5.819848537445068","5.819848537445068","3.354128837585449","3.354128837585449","3.354128837585449","","","","6.842580795288086","6.842580795288086","6.842580795288086"
"125","","","","","","","9.551931381225586","9.551931381225586","9.551931381225586","4.264967441558838","4.264967441558838","4.264967441558838","6.328495025634766","6.328495025634766","6.328495025634766","3.3505845069885254","3.3505845069885254","3.3505845069885254","","","","6.885617256164551","6.885617256164551","6.885617256164551"
"126","","","","","","","9.518190383911133","9.518190383911133","9.518190383911133","4.409440994262695","4.409440994262695","4.409440994262695","7.0236992835998535","7.0236992835998535","7.0236992835998535","3.3527626991271973","3.3527626991271973","3.3527626991271973","","","","6.927945137023926","6.927945137023926","6.927945137023926"
"127","","","","","","","9.550960540771484","9.550960540771484","9.550960540771484","4.444561958312988","4.444561958312988","4.444561958312988","6.962632656097412","6.962632656097412","6.962632656097412","3.3648388385772705","3.3648388385772705","3.3648388385772705","","","","6.8979668617248535","6.8979668617248535","6.8979668617248535"
"128","","","","","","","9.317645072937012","9.317645072937012","9.317645072937012","4.5351080894470215","4.5351080894470215","4.5351080894470215","","","","3.3698348999023438","3.3698348999023438","3.3698348999023438","","","","","",""
"129","","","","","","","9.209150314331055","9.209150314331055","9.209150314331055","4.435146331787109","4.435146331787109","4.435146331787109","","","","3.3740384578704834","3.3740384578704834","3.3740384578704834","","","","","",""
"130","","","","","","","13.57384967803955","13.57384967803955","13.57384967803955","4.288484573364258","4.288484573364258","4.288484573364258","","","","3.3690381050109863","3.3690381050109863","3.3690381050109863","","","","","",""
"131","","","","","","","11.964363098144531","11.964363098144531","11.964363098144531","4.256086349487305","4.256086349487305","4.256086349487305","","","","3.3909668922424316","3.3909668922424316","3.3909668922424316","","","","","",""
"132","","","","","","","11.204948425292969","11.204948425292969","11.204948425292969","4.6774582862854","4.6774582862854","4.6774582862854","","","","3.355799674987793","3.355799674987793","3.355799674987793","","","","","",""
"133","","","","","","","9.388895988464355","9.388895988464355","9.388895988464355","4.30681848526001","4.30681848526001","4.30681848526001","","","","3.346104145050049","3.346104145050049","3.346104145050049","","","","","",""
"134","","","","","","","9.943094253540039","9.943094253540039","9.943094253540039","4.3850202560424805","4.3850202560424805","4.3850202560424805","","","","3.358989953994751","3.358989953994751","3.358989953994751","","","","","",""
"135","","","","","","","12.128669738769531","12.128669738769531","12.128669738769531","4.219476222991943","4.219476222991943","4.219476222991943","","","","3.3469128608703613","3.3469128608703613","3.3469128608703613","","","","","",""
"136","","","","","","","9.745797157287598","9.745797157287598","9.745797157287598","4.144057750701904","4.144057750701904","4.144057750701904","","","","3.3741753101348877","3.3741753101348877","3.3741753101348877","","","","","",""
"137","","","","","","","9.365665435791016","9.365665435791016","9.365665435791016","4.15744161605835","4.15744161605835","4.15744161605835","","","","3.354039192199707","3.354039192199707","3.354039192199707","","","","","",""
"138","","","","","","","11.05936050415039","11.05936050415039","11.05936050415039","4.162898063659668","4.162898063659668","4.162898063659668","","","","3.340988874435425","3.340988874435425","3.340988874435425","","","","","",""
"139","","","","","","","10.930822372436523","10.930822372436523","10.930822372436523","4.1245436668396","4.1245436668396","4.1245436668396","","","","3.364710807800293","3.364710807800293","3.364710807800293","","","","","",""
"140","","","","","","","9.249987602233887","9.249987602233887","9.249987602233887","4.062680244445801","4.062680244445801","4.062680244445801","","","","3.342039108276367","3.342039108276367","3.342039108276367","","","","","",""
"141","","","","","","","11.549307823181152","11.549307823181152","11.549307823181152","4.0916032791137695","4.0916032791137695","4.0916032791137695","","","","3.354482650756836","3.354482650756836","3.354482650756836","","","","","",""
"142","","","","","","","9.945091247558594","9.945091247558594","9.945091247558594","4.056247711181641","4.056247711181641","4.056247711181641","","","","3.3435723781585693","3.3435723781585693","3.3435723781585693","","","","","",""
"143","","","","","","","9.739001274108887","9.739001274108887","9.739001274108887","4.095890045166016","4.095890045166016","4.095890045166016","","","","3.3614718914031982","3.3614718914031982","3.3614718914031982","","","","","",""
"144","","","","","","","10.022957801818848","10.022957801818848","10.022957801818848","4.104007720947266","4.104007720947266","4.104007720947266","","","","3.366894245147705","3.366894245147705","3.366894245147705","","","","","",""
"145","","","","","","","10.989317893981934","10.989317893981934","10.989317893981934","4.065146446228027","4.065146446228027","4.065146446228027","","","","3.3533074855804443","3.3533074855804443","3.3533074855804443","","","","","",""
"146","","","","","","","10.471220970153809","10.471220970153809","10.471220970153809","4.136184215545654","4.136184215545654","4.136184215545654","","","","3.346721887588501","3.346721887588501","3.346721887588501","","","","","",""
"147","","","","","","","12.091248512268066","12.091248512268066","12.091248512268066","","","","","","","3.337563991546631","3.337563991546631","3.337563991546631","","","","","",""
"148","","","","","","","12.265981674194336","12.265981674194336","12.265981674194336","4.259006023406982","4.259006023406982","4.259006023406982","","","","3.318540334701538","3.318540334701538","3.318540334701538","","","","","",""
"149","","","","","","","11.335528373718262","11.335528373718262","11.335528373718262","4.145541667938232","4.145541667938232","4.145541667938232","","","","3.348594903945923","3.348594903945923","3.348594903945923","","","","","",""
"150","","","","","","","11.637165069580078","11.637165069580078","11.637165069580078","4.238534450531006","4.238534450531006","4.238534450531006","","","","3.355813980102539","3.355813980102539","3.355813980102539","","","","","",""
"151","","","","","","","11.05954360961914","11.05954360961914","11.05954360961914","","","","","","","3.343478202819824","3.343478202819824","3.343478202819824","","","","","",""
"152","","","","","","","11.712183952331543","11.712183952331543","11.712183952331543","","","","","","","3.3378653526306152","3.3378653526306152","3.3378653526306152","","","","","",""
"153","","","","","","","12.767627716064453","12.767627716064453","12.767627716064453","","","","","","","3.343489170074463","3.343489170074463","3.343489170074463","","","","","",""
"154","","","","","","","11.661489486694336","11.661489486694336","11.661489486694336","","","","","","","3.3518242835998535","3.3518242835998535","3.3518242835998535","","","","","",""
"155","","","","","","","11.83203411102295","11.83203411102295","11.83203411102295","","","","","","","3.347147226333618","3.347147226333618","3.347147226333618","","","","","",""
"156","","","","","","","11.482156753540039","11.482156753540039","11.482156753540039","","","","","","","3.3432090282440186","3.3432090282440186","3.3432090282440186","","","","","",""
"157","","","","","","","12.198029518127441","12.198029518127441","12.198029518127441","","","","","","","3.342674493789673","3.342674493789673","3.342674493789673","","","","","",""
"158","","","","","","","11.580028533935547","11.580028533935547","11.580028533935547","","","","","","","3.3498456478118896","3.3498456478118896","3.3498456478118896","","","","","",""
"159","","","","","","","11.366935729980469","11.366935729980469","11.366935729980469","","","","","","","3.332172155380249","3.332172155380249","3.332172155380249","","","","","",""
"160","","","","","","","11.704353332519531","11.704353332519531","11.704353332519531","","","","","","","3.3443689346313477","3.3443689346313477","3.3443689346313477","","","","","",""
"161","","","","","","","11.79930305480957","11.79930305480957","11.79930305480957","","","","","","","3.3337697982788086","3.3337697982788086","3.3337697982788086","","","","","",""
"162","","","","","","","11.942117691040039","11.942117691040039","11.942117691040039","","","","","","","3.3271167278289795","3.3271167278289795","3.3271167278289795","","","","","",""
"163","","","","","","","","","","","","","","","","3.33856201171875","3.33856201171875","3.33856201171875","","","","","",""
"164","","","","","","","14.283241271972656","14.283241271972656","14.283241271972656","","","","","","","3.3309152126312256","3.3309152126312256","3.3309152126312256","","","","","",""
"165","","","","","","","13.738227844238281","13.738227844238281","13.738227844238281","","","","","","","3.3350510597229004","3.3350510597229004","3.3350510597229004","","","","","",""
"166","","","","","","","12.2328462600708","12.2328462600708","12.2328462600708","","","","","","","3.342446804046631","3.342446804046631","3.342446804046631","","","","","",""
"167","","","","","","","","","","","","","","","","3.3396832942962646","3.3396832942962646","3.3396832942962646","","","","","",""
"168","","","","","","","","","","","","","","","","3.3468503952026367","3.3468503952026367","3.3468503952026367","","","","","",""
"169","","","","","","","","","","","","","","","","3.324204444885254","3.324204444885254","3.324204444885254","","","","","",""
"170","","","","","","","","","","","","","","","","3.3410568237304688","3.3410568237304688","3.3410568237304688","","","","","",""
"171","","","","","","","","","","","","","","","","3.3334038257598877","3.3334038257598877","3.3334038257598877","","","","","",""
"172","","","","","","","","","","","","","","","","3.344557523727417","3.344557523727417","3.344557523727417","","","","","",""
"173","","","","","","","","","","","","","","","","3.334653615951538","3.334653615951538","3.334653615951538","","","","","",""
"174","","","","","","","","","","","","","","","","3.3151237964630127","3.3151237964630127","3.3151237964630127","","","","","",""
"175","","","","","","","","","","","","","","","","3.3358516693115234","3.3358516693115234","3.3358516693115234","","","","","",""
"176","","","","","","","","","","","","","","","","3.3567214012145996","3.3567214012145996","3.3567214012145996","","","","","",""
"177","","","","","","","","","","","","","","","","3.332789659500122","3.332789659500122","3.332789659500122","","","","","",""
"178","","","","","","","","","","","","","","","","3.3215487003326416","3.3215487003326416","3.3215487003326416","","","","","",""
"179","","","","","","","","","","","","","","","","3.32774019241333","3.32774019241333","3.32774019241333","","","","","",""
"180","","","","","","","","","","","","","","","","3.346212148666382","3.346212148666382","3.346212148666382","","","","","",""
"181","","","","","","","","","","","","","","","","3.3395440578460693","3.3395440578460693","3.3395440578460693","","","","","",""
"182","","","","","","","","","","","","","","","","3.308903694152832","3.308903694152832","3.308903694152832","","","","","",""
"183","","","","","","","","","","","","","","","","3.3172707557678223","3.3172707557678223","3.3172707557678223","","","","","",""
"184","","","","","","","","","","","","","","","","3.332674026489258","3.332674026489258","3.332674026489258","","","","","",""
"185","","","","","","","","","","","","","","","","3.351638078689575","3.351638078689575","3.351638078689575","","","","","",""
"186","","","","","","","","","","","","","","","","3.321639060974121","3.321639060974121","3.321639060974121","","","","","",""
"187","","","","","","","","","","","","","","","","3.3141186237335205","3.3141186237335205","3.3141186237335205","","","","","",""
"188","","","","","","","","","","","","","","","","3.3238275051116943","3.3238275051116943","3.3238275051116943","","","","","",""
"189","","","","","","","","","","","","","","","","3.3371686935424805","3.3371686935424805","3.3371686935424805","","","","","",""
"190","","","","","","","","","","","","","","","","3.324650287628174","3.324650287628174","3.324650287628174","","","","","",""
"191","","","","","","","","","","","","","","","","3.323831796646118","3.323831796646118","3.323831796646118","","","","","",""
"192","","","","","","","","","","","","","","","","3.336656093597412","3.336656093597412","3.336656093597412","","","","","",""
"193","","","","","","","","","","","","","","","","3.316502094268799","3.316502094268799","3.316502094268799","","","","","",""
"194","","","","","","","","","","","","","","","","3.3337903022766113","3.3337903022766113","3.3337903022766113","","","","","",""
"195","","","","","","","","","","","","","","","","3.350789785385132","3.350789785385132","3.350789785385132","","","","","",""
"196","","","","","","","","","","","","","","","","3.3278863430023193","3.3278863430023193","3.3278863430023193","","","","","",""
"197","","","","","","","","","","","","","","","","3.3275651931762695","3.3275651931762695","3.3275651931762695","","","","","",""
"198","","","","","","","","","","","","","","","","3.3125104904174805","3.3125104904174805","3.3125104904174805","","","","","",""
"199","","","","","","","","","","","","","","","","3.3339245319366455","3.3339245319366455","3.3339245319366455","","","","","",""
"200","","","","","","","","","","","","","","","","3.310645818710327","3.310645818710327","3.310645818710327","","","","","",""
"201","","","","","","","","","","","","","","","","3.329401969909668","3.329401969909668","3.329401969909668","","","","","",""
"202","","","","","","","","","","","","","","","","3.3119306564331055","3.3119306564331055","3.3119306564331055","","","","","",""
"203","","","","","","","","","","","","","","","","3.3203437328338623","3.3203437328338623","3.3203437328338623","","","","","",""
"204","","","","","","","","","","","","","","","","3.3143205642700195","3.3143205642700195","3.3143205642700195","","","","","",""
"205","","","","","","","","","","","","","","","","3.338040828704834","3.338040828704834","3.338040828704834","","","","","",""
"206","","","","","","","","","","","","","","","","3.326838970184326","3.326838970184326","3.326838970184326","","","","","",""
"207","","","","","","","","","","","","","","","","3.331944465637207","3.331944465637207","3.331944465637207","","","","","",""
"208","","","","","","","","","","","","","","","","3.3387393951416016","3.3387393951416016","3.3387393951416016","","","","","",""
"209","","","","","","","","","","","","","","","","3.324444532394409","3.324444532394409","3.324444532394409","","","","","",""
"210","","","","","","","","","","","","","","","","3.3108534812927246","3.3108534812927246","3.3108534812927246","","","","","",""
"211","","","","","","","","","","","","","","","","3.349426031112671","3.349426031112671","3.349426031112671","","","","","",""
"212","","","","","","","","","","","","","","","","3.3160574436187744","3.3160574436187744","3.3160574436187744","","","","","",""
"213","","","","","","","","","","","","","","","","3.322784423828125","3.322784423828125","3.322784423828125","","","","","",""
"214","","","","","","","","","","","","","","","","3.3095085620880127","3.3095085620880127","3.3095085620880127","","","","","",""
"215","","","","","","","","","","","","","","","","3.3107569217681885","3.3107569217681885","3.3107569217681885","","","","","",""
"216","","","","","","","","","","","","","","","","3.3020224571228027","3.3020224571228027","3.3020224571228027","","","","","",""
"217","","","","","","","","","","","","","","","","3.295490026473999","3.295490026473999","3.295490026473999","","","","","",""
"218","","","","","","","","","","","","","","","","3.3185338973999023","3.3185338973999023","3.3185338973999023","","","","","",""
"219","","","","","","","","","","","","","","","","3.3061797618865967","3.3061797618865967","3.3061797618865967","","","","","",""
"220","","","","","","","","","","","","","","","","3.335409641265869","3.335409641265869","3.335409641265869","","","","","",""
"221","","","","","","","","","","","","","","","","3.299530029296875","3.299530029296875","3.299530029296875","","","","","",""
"222","","","","","","","","","","","","","","","","3.324453830718994","3.324453830718994","3.324453830718994","","","","","",""
"223","","","","","","","","","","","","","","","","3.3182828426361084","3.3182828426361084","3.3182828426361084","","","","","",""
"224","","","","","","","","","","","","","","","","3.3109025955200195","3.3109025955200195","3.3109025955200195","","","","","",""
"225","","","","","","","","","","","","","","","","3.319293260574341","3.319293260574341","3.319293260574341","","","","","",""
"226","","","","","","","","","","","","","","","","3.2995455265045166","3.2995455265045166","3.2995455265045166","","","","","",""
"227","","","","","","","","","","","","","","","","3.311643123626709","3.311643123626709","3.311643123626709","","","","","",""
"228","","","","","","","","","","","","","","","","3.314304828643799","3.314304828643799","3.314304828643799","","","","","",""
"229","","","","","","","","","","","","","","","","3.3208465576171875","3.3208465576171875","3.3208465576171875","","","","","",""
"230","","","","","","","","","","","","","","","","3.318037986755371","3.318037986755371","3.318037986755371","","","","","",""
"231","","","","","","","","","","","","","","","","3.31036376953125","3.31036376953125","3.31036376953125","","","","","",""
"232","","","","","","","","","","","","","","","","3.324099540710449","3.324099540710449","3.324099540710449","","","","","",""
"233","","","","","","","","","","","","","","","","3.2918331623077393","3.2918331623077393","3.2918331623077393","","","","","",""
"234","","","","","","","","","","","","","","","","3.3163604736328125","3.3163604736328125","3.3163604736328125","","","","","",""
"235","","","","","","","","","","","","","","","","3.3090567588806152","3.3090567588806152","3.3090567588806152","","","","","",""
"236","","","","","","","","","","","","","","","","3.2988545894622803","3.2988545894622803","3.2988545894622803","","","","","",""
"237","","","","","","","","","","","","","","","","3.3001391887664795","3.3001391887664795","3.3001391887664795","","","","","",""
"238","","","","","","","","","","","","","","","","3.3060686588287354","3.3060686588287354","3.3060686588287354","","","","","",""
"239","","","","","","","","","","","","","","","","3.3047852516174316","3.3047852516174316","3.3047852516174316","","","","","",""
"240","","","","","","","","","","","","","","","","3.329780340194702","3.329780340194702","3.329780340194702","","","","","",""
"241","","","","","","","","","","","","","","","","3.3030288219451904","3.3030288219451904","3.3030288219451904","","","","","",""
"242","","","","","","","","","","","","","","","","3.295119524002075","3.295119524002075","3.295119524002075","","","","","",""
"243","","","","","","","","","","","","","","","","3.310493230819702","3.310493230819702","3.310493230819702","","","","","",""
"244","","","","","","","","","","","","","","","","3.3138670921325684","3.3138670921325684","3.3138670921325684","","","","","",""
"245","","","","","","","","","","","","","","","","3.290529489517212","3.290529489517212","3.290529489517212","","","","","",""
"246","","","","","","","","","","","","","","","","3.3198254108428955","3.3198254108428955","3.3198254108428955","","","","","",""
"247","","","","","","","","","","","","","","","","3.3198795318603516","3.3198795318603516","3.3198795318603516","","","","","",""
"248","","","","","","","","","","","","","","","","3.3159711360931396","3.3159711360931396","3.3159711360931396","","","","","",""
"249","","","","","","","","","","","","","","","","3.312988042831421","3.312988042831421","3.312988042831421","","","","","",""
"250","","","","","","","","","","","","","","","","3.299135446548462","3.299135446548462","3.299135446548462","","","","","",""
"251","","","","","","","","","","","","","","","","3.324047803878784","3.324047803878784","3.324047803878784","","","","","",""
"252","","","","","","","","","","","","","","","","3.308518409729004","3.308518409729004","3.308518409729004","","","","","",""
"253","","","","","","","","","","","","","","","","3.302243709564209","3.302243709564209","3.302243709564209","","","","","",""
"254","","","","","","","","","","","","","","","","3.313692569732666","3.313692569732666","3.313692569732666","","","","","",""
"255","","","","","","","","","","","","","","","","3.301091194152832","3.301091194152832","3.301091194152832","","","","","",""
"256","","","","","","","","","","","","","","","","3.295220136642456","3.295220136642456","3.295220136642456","","","","","",""
"257","","","","","","","","","","","","","","","","3.30816650390625","3.30816650390625","3.30816650390625","","","","","",""
"258","","","","","","","","","","","","","","","","3.3060343265533447","3.3060343265533447","3.3060343265533447","","","","","",""
"259","","","","","","","","","","","","","","","","3.298642635345459","3.298642635345459","3.298642635345459","","","","","",""
"260","","","","","","","","","","","","","","","","3.294442653656006","3.294442653656006","3.294442653656006","","","","","",""
"261","","","","","","","","","","","","","","","","3.2974853515625","3.2974853515625","3.2974853515625","","","","","",""
"262","","","","","","","","","","","","","","","","3.3015248775482178","3.3015248775482178","3.3015248775482178","","","","","",""
"263","","","","","","","","","","","","","","","","3.3016629219055176","3.3016629219055176","3.3016629219055176","","","","","",""
"264","","","","","","","","","","","","","","","","3.2977521419525146","3.2977521419525146","3.2977521419525146","","","","","",""
"265","","","","","","","","","","","","","","","","3.304593086242676","3.304593086242676","3.304593086242676","","","","","",""
"266","","","","","","","","","","","","","","","","3.305424690246582","3.305424690246582","3.305424690246582","","","","","",""
"267","","","","","","","","","","","","","","","","3.2964818477630615","3.2964818477630615","3.2964818477630615","","","","","",""
"268","","","","","","","","","","","","","","","","3.307063341140747","3.307063341140747","3.307063341140747","","","","","",""
"269","","","","","","","","","","","","","","","","3.3010709285736084","3.3010709285736084","3.3010709285736084","","","","","",""
"270","","","","","","","","","","","","","","","","3.316732406616211","3.316732406616211","3.316732406616211","","","","","",""
"271","","","","","","","","","","","","","","","","3.2848634719848633","3.2848634719848633","3.2848634719848633","","","","","",""
"272","","","","","","","","","","","","","","","","3.3038277626037598","3.3038277626037598","3.3038277626037598","","","","","",""
"273","","","","","","","","","","","","","","","","3.29335880279541","3.29335880279541","3.29335880279541","","","","","",""
"274","","","","","","","","","","","","","","","","3.3083178997039795","3.3083178997039795","3.3083178997039795","","","","","",""
"275","","","","","","","","","","","","","","","","3.2896475791931152","3.2896475791931152","3.2896475791931152","","","","","",""
"276","","","","","","","","","","","","","","","","3.284743070602417","3.284743070602417","3.284743070602417","","","","","",""
"277","","","","","","","","","","","","","","","","3.2923548221588135","3.2923548221588135","3.2923548221588135","","","","","",""
"278","","","","","","","","","","","","","","","","3.3144259452819824","3.3144259452819824","3.3144259452819824","","","","","",""
"279","","","","","","","","","","","","","","","","3.3028147220611572","3.3028147220611572","3.3028147220611572","","","","","",""
"280","","","","","","","","","","","","","","","","3.30338716506958","3.30338716506958","3.30338716506958","","","","","",""
"281","","","","","","","","","","","","","","","","3.3010895252227783","3.3010895252227783","3.3010895252227783","","","","","",""
"282","","","","","","","","","","","","","","","","3.2968075275421143","3.2968075275421143","3.2968075275421143","","","","","",""
"283","","","","","","","","","","","","","","","","3.2991504669189453","3.2991504669189453","3.2991504669189453","","","","","",""
"284","","","","","","","","","","","","","","","","3.295058250427246","3.295058250427246","3.295058250427246","","","","","",""
"285","","","","","","","","","","","","","","","","3.3122785091400146","3.3122785091400146","3.3122785091400146","","","","","",""
"286","","","","","","","","","","","","","","","","3.2815299034118652","3.2815299034118652","3.2815299034118652","","","","","",""
"287","","","","","","","","","","","","","","","","3.280310869216919","3.280310869216919","3.280310869216919","","","","","",""
"288","","","","","","","","","","","","","","","","3.305135726928711","3.305135726928711","3.305135726928711","","","","","",""
"289","","","","","","","","","","","","","","","","3.290550470352173","3.290550470352173","3.290550470352173","","","","","",""
"290","","","","","","","","","","","","","","","","3.297762870788574","3.297762870788574","3.297762870788574","","","","","",""
"291","","","","","","","","","","","","","","","","3.287994623184204","3.287994623184204","3.287994623184204","","","","","",""
"292","","","","","","","","","","","","","","","","3.301126003265381","3.301126003265381","3.301126003265381","","","","","",""
"293","","","","","","","","","","","","","","","","3.299570322036743","3.299570322036743","3.299570322036743","","","","","",""
"294","","","","","","","","","","","","","","","","3.303684949874878","3.303684949874878","3.303684949874878","","","","","",""
"295","","","","","","","","","","","","","","","","3.2953994274139404","3.2953994274139404","3.2953994274139404","","","","","",""
"296","","","","","","","","","","","","","","","","3.2963409423828125","3.2963409423828125","3.2963409423828125","","","","","",""
"297","","","","","","","","","","","","","","","","3.298013925552368","3.298013925552368","3.298013925552368","","","","","",""
"298","","","","","","","","","","","","","","","","3.3151793479919434","3.3151793479919434","3.3151793479919434","","","","","",""
"299","","","","","","","","","","","","","","","","3.290693759918213","3.290693759918213","3.290693759918213","","","","","",""
"300","","","","","","","","","","","","","","","","3.3003976345062256","3.3003976345062256","3.3003976345062256","","","","","",""
"301","","","","","","","","","","","","","","","","3.305305242538452","3.305305242538452","3.305305242538452","","","","","",""
"302","","","","","","","","","","","","","","","","3.2981386184692383","3.2981386184692383","3.2981386184692383","","","","","",""
"303","","","","","","","","","","","","","","","","3.2766878604888916","3.2766878604888916","3.2766878604888916","","","","","",""
"304","","","","","","","","","","","","","","","","3.2944979667663574","3.2944979667663574","3.2944979667663574","","","","","",""
"305","","","","","","","","","","","","","","","","3.2902698516845703","3.2902698516845703","3.2902698516845703","","","","","",""
"306","","","","","","","","","","","","","","","","3.301140546798706","3.301140546798706","3.301140546798706","","","","","",""
"307","","","","","","","","","","","","","","","","3.297079563140869","3.297079563140869","3.297079563140869","","","","","",""
"308","","","","","","","","","","","","","","","","3.2870562076568604","3.2870562076568604","3.2870562076568604","","","","","",""
"309","","","","","","","","","","","","","","","","3.2921438217163086","3.2921438217163086","3.2921438217163086","","","","","",""
"310","","","","","","","","","","","","","","","","3.303643226623535","3.303643226623535","3.303643226623535","","","","","",""
"311","","","","","","","","","","","","","","","","3.2954375743865967","3.2954375743865967","3.2954375743865967","","","","","",""
"312","","","","","","","","","","","","","","","","3.2948503494262695","3.2948503494262695","3.2948503494262695","","","","","",""
"313","","","","","","","","","","","","","","","","3.2777860164642334","3.2777860164642334","3.2777860164642334","","","","","",""
"314","","","","","","","","","","","","","","","","3.3085391521453857","3.3085391521453857","3.3085391521453857","","","","","",""
"315","","","","","","","","","","","","","","","","3.294240951538086","3.294240951538086","3.294240951538086","","","","","",""
"316","","","","","","","","","","","","","","","","3.2927465438842773","3.2927465438842773","3.2927465438842773","","","","","",""
"317","","","","","","","","","","","","","","","","3.292257785797119","3.292257785797119","3.292257785797119","","","","","",""
"318","","","","","","","","","","","","","","","","3.307999849319458","3.307999849319458","3.307999849319458","","","","","",""
"319","","","","","","","","","","","","","","","","3.2893996238708496","3.2893996238708496","3.2893996238708496","","","","","",""
"320","","","","","","","","","","","","","","","","3.2999749183654785","3.2999749183654785","3.2999749183654785","","","","","",""
"321","","","","","","","","","","","","","","","","3.2837471961975098","3.2837471961975098","3.2837471961975098","","","","","",""
"322","","","","","","","","","","","","","","","","3.3025174140930176","3.3025174140930176","3.3025174140930176","","","","","",""
"323","","","","","","","","","","","","","","","","3.283738613128662","3.283738613128662","3.283738613128662","","","","","",""
"324","","","","","","","","","","","","","","","","3.297276020050049","3.297276020050049","3.297276020050049","","","","","",""
"325","","","","","","","","","","","","","","","","3.2968082427978516","3.2968082427978516","3.2968082427978516","","","","","",""
"326","","","","","","","","","","","","","","","","3.2809581756591797","3.2809581756591797","3.2809581756591797","","","","","",""
"327","","","","","","","","","","","","","","","","3.2991325855255127","3.2991325855255127","3.2991325855255127","","","","","",""
"328","","","","","","","","","","","","","","","","3.2800652980804443","3.2800652980804443","3.2800652980804443","","","","","",""
"329","","","","","","","","","","","","","","","","3.2882158756256104","3.2882158756256104","3.2882158756256104","","","","","",""
"330","","","","","","","","","","","","","","","","3.292579412460327","3.292579412460327","3.292579412460327","","","","","",""
"331","","","","","","","","","","","","","","","","3.2756776809692383","3.2756776809692383","3.2756776809692383","","","","","",""
"332","","","","","","","","","","","","","","","","3.287179470062256","3.287179470062256","3.287179470062256","","","","","",""
"333","","","","","","","","","","","","","","","","3.285672903060913","3.285672903060913","3.285672903060913","","","","","",""
"334","","","","","","","","","","","","","","","","3.305103063583374","3.305103063583374","3.305103063583374","","","","","",""
"335","","","","","","","","","","","","","","","","3.296043634414673","3.296043634414673","3.296043634414673","","","","","",""
"336","","","","","","","","","","","","","","","","3.3013381958007812","3.3013381958007812","3.3013381958007812","","","","","",""
"337","","","","","","","","","","","","","","","","3.276853322982788","3.276853322982788","3.276853322982788","","","","","",""
"338","","","","","","","","","","","","","","","","3.2827553749084473","3.2827553749084473","3.2827553749084473","","","","","",""
"339","","","","","","","","","","","","","","","","3.271993398666382","3.271993398666382","3.271993398666382","","","","","",""
"340","","","","","","","","","","","","","","","","3.2839467525482178","3.2839467525482178","3.2839467525482178","","","","","",""
"341","","","","","","","","","","","","","","","","3.282590866088867","3.282590866088867","3.282590866088867","","","","","",""
"342","","","","","","","","","","","","","","","","3.2896816730499268","3.2896816730499268","3.2896816730499268","","","","","",""
"343","","","","","","","","","","","","","","","","3.304764986038208","3.304764986038208","3.304764986038208","","","","","",""
"344","","","","","","","","","","","","","","","","3.275538682937622","3.275538682937622","3.275538682937622","","","","","",""
"345","","","","","","","","","","","","","","","","3.2897772789001465","3.2897772789001465","3.2897772789001465","","","","","",""
"346","","","","","","","","","","","","","","","","3.2967846393585205","3.2967846393585205","3.2967846393585205","","","","","",""
"347","","","","","","","","","","","","","","","","3.2631642818450928","3.2631642818450928","3.2631642818450928","","","","","",""
"348","","","","","","","","","","","","","","","","3.2932827472686768","3.2932827472686768","3.2932827472686768","","","","","",""
"349","","","","","","","","","","","","","","","","3.2999086380004883","3.2999086380004883","3.2999086380004883","","","","","",""
"350","","","","","","","","","","","","","","","","3.269462823867798","3.269462823867798","3.269462823867798","","","","","",""
"351","","","","","","","","","","","","","","","","3.2942962646484375","3.2942962646484375","3.2942962646484375","","","","","",""
"352","","","","","","","","","","","","","","","","3.272885799407959","3.272885799407959","3.272885799407959","","","","","",""
"353","","","","","","","","","","","","","","","","3.289992094039917","3.289992094039917","3.289992094039917","","","","","",""
"354","","","","","","","","","","","","","","","","3.297886848449707","3.297886848449707","3.297886848449707","","","","","",""
"355","","","","","","","","","","","","","","","","3.2762792110443115","3.2762792110443115","3.2762792110443115","","","","","",""
"356","","","","","","","","","","","","","","","","3.280683994293213","3.280683994293213","3.280683994293213","","","","","",""
"357","","","","","","","","","","","","","","","","3.284543752670288","3.284543752670288","3.284543752670288","","","","","",""
"358","","","","","","","","","","","","","","","","3.300746440887451","3.300746440887451","3.300746440887451","","","","","",""
"359","","","","","","","","","","","","","","","","3.2725679874420166","3.2725679874420166","3.2725679874420166","","","","","",""
"360","","","","","","","","","","","","","","","","3.275691270828247","3.275691270828247","3.275691270828247","","","","","",""
"361","","","","","","","","","","","","","","","","3.299690008163452","3.299690008163452","3.299690008163452","","","","","",""
"362","","","","","","","","","","","","","","","","3.2999188899993896","3.2999188899993896","3.2999188899993896","","","","","",""
"363","","","","","","","","","","","","","","","","3.284778118133545","3.284778118133545","3.284778118133545","","","","","",""
"364","","","","","","","","","","","","","","","","3.2935333251953125","3.2935333251953125","3.2935333251953125","","","","","",""
"365","","","","","","","","","","","","","","","","3.284614324569702","3.284614324569702","3.284614324569702","","","","","",""
"366","","","","","","","","","","","","","","","","3.284165620803833","3.284165620803833","3.284165620803833","","","","","",""
"367","","","","","","","","","","","","","","","","3.3014743328094482","3.3014743328094482","3.3014743328094482","","","","","",""
"368","","","","","","","","","","","","","","","","3.2899463176727295","3.2899463176727295","3.2899463176727295","","","","","",""
"369","","","","","","","","","","","","","","","","3.288726806640625","3.288726806640625","3.288726806640625","","","","","",""
"370","","","","","","","","","","","","","","","","3.2708580493927","3.2708580493927","3.2708580493927","","","","","",""
"371","","","","","","","","","","","","","","","","3.2962522506713867","3.2962522506713867","3.2962522506713867","","","","","",""
"372","","","","","","","","","","","","","","","","3.2895333766937256","3.2895333766937256","3.2895333766937256","","","","","",""
"373","","","","","","","","","","","","","","","","3.2807116508483887","3.2807116508483887","3.2807116508483887","","","","","",""
"374","","","","","","","","","","","","","","","","3.271933078765869","3.271933078765869","3.271933078765869","","","","","",""
"375","","","","","","","","","","","","","","","","3.2714691162109375","3.2714691162109375","3.2714691162109375","","","","","",""
"376","","","","","","","","","","","","","","","","3.269728660583496","3.269728660583496","3.269728660583496","","","","","",""
"377","","","","","","","","","","","","","","","","3.2796998023986816","3.2796998023986816","3.2796998023986816","","","","","",""
"378","","","","","","","","","","","","","","","","3.278921127319336","3.278921127319336","3.278921127319336","","","","","",""
"379","","","","","","","","","","","","","","","","3.2767016887664795","3.2767016887664795","3.2767016887664795","","","","","",""
"380","","","","","","","","","","","","","","","","3.302598476409912","3.302598476409912","3.302598476409912","","","","","",""
"381","","","","","","","","","","","","","","","","3.2939717769622803","3.2939717769622803","3.2939717769622803","","","","","",""
"382","","","","","","","","","","","","","","","","3.2818856239318848","3.2818856239318848","3.2818856239318848","","","","","",""
"383","","","","","","","","","","","","","","","","3.27949857711792","3.27949857711792","3.27949857711792","","","","","",""
"384","","","","","","","","","","","","","","","","3.265500068664551","3.265500068664551","3.265500068664551","","","","","",""
"385","","","","","","","","","","","","","","","","3.2849113941192627","3.2849113941192627","3.2849113941192627","","","","","",""